[
  {
    "text": "Simplicity is the soul of efficiency.",
    "author": "Austin Freeman"
  },
  {
    "text": "Well begun is half done.",
    "author": "Aristotle"
  },
  {
    "text": "The future depends on what you do today.",
    "author": "Mahatma Gandhi"
  },
  {
    "text": "Make it work, make it right, make it fast.",
    "author": "Kent Beck"
  },
  {
    "text": "Action is the foundational key to all success.",
    "author": "Pablo Picasso"
  },
  {
    "text": "Small deeds done are better than great deeds planned.",
    "author": "Peter Marshall"
  },
  {
    "text": "You miss 100% of the shots you don\u2019t take.",
    "author": "Wayne Gretzky"
  },
  {
    "text": "It always seems impossible until it\u2019s done.",
    "author": "Nelson Mandela"
  },
  {
    "text": "Do one thing every day that scares you.",
    "author": "Eleanor Roosevelt"
  },
  {
    "text": "No pressure, no diamonds.",
    "author": "Thomas Carlyle"
  }
]